{
    "2502.14685": 1,
    "2502.13713": 2,
    "2502.13128": 1
}