{
    "2502.14685": 1,
    "2502.13713": 2,
    "2502.13128": 1,
    "2502.13433": 5,
    "2502.12511": 1,
    "2502.12050": -1,
    "2502.10822": -1,
    "2502.13133": 3,
    "2502.14776": -1,
    "2502.14437": -1,
    "2502.14192": -1,
    "2502.14144": -1
}