{
    "2502.14685": 1,
    "2502.13128": 1,
    "2502.13433": 5,
    "2502.12511": 1,
    "2502.12050": -1,
    "2502.10822": -1,
    "2502.13133": 3,
    "2502.14776": -1,
    "2502.14437": -1,
    "2502.14192": -1,
    "2502.14144": -1,
    "2502.15430": 2,
    "2502.15367": -1,
    "2502.15602": 3,
    "2502.13713": 1,
    "2502.14178": 0,
    "2502.18328": 1,
    "2502.18309": 1,
    "2502.18186": 1,
    "2502.18182": -1,
    "2502.18008": 2,
    "2502.17239": 0,
    "2502.17579": 1,
    "2502.16914": -1,
    "2502.16794": 2,
    "2502.16240": 1,
    "2502.15218": 1,
    "2502.15158": -1,
    "2502.14893": 1,
    "2502.11946": 1,
    "2502.17414": 3,
    "2502.16359": 0,
    "2502.10467": 1,
    "2502.10362": 1,
    "2502.18952": 1,
    "2502.18924": 1,
    "2502.18546": -1,
    "2503.01710": 4,
    "2503.01266": 1,
    "2503.01485": 1,
    "2503.01174": 1,
    "2503.00957": 1,
    "2503.00790": -1,
    "2503.07217": 1,
    "2503.11373": 1,
    "2503.11315": 3,
    "2503.10522": 1,
    "2503.10287": 1,
    "2503.08638": 5
}