{
    "2502.14727": 2,
    "2502.14685": 2,
    "2502.14224": 1,
    "2502.14673": 2,
    "2502.14860": 1,
    "2502.14726": -1,
    "2502.14405": -1
}